Calibration,Run,Wafer,Run-Wafer,Etch Rate_B,Etch Rate_C,Etch Rate_D
1,1,1,1-Jan,608.73,614.01,602.99
1,1,1,1-Jan,586.51,581.53,606.07
1,1,1,1-Jan,621.30,600.91,629.30
1,1,1,1-Jan,619.95,549.82,595.09
1,1,2,1-Feb,598.78,597.41,604.17
1,1,2,1-Feb,597.93,566.78,598.64
1,1,2,1-Feb,617.52,580.00,599.65
1,1,2,1-Feb,576.01,567.68,589.82
1,1,3,1-Mar,610.64,566.20,506.81
1,1,3,1-Mar,625.90,599.90,551.82
1,1,3,1-Mar,613.52,589.94,632.54
1,1,3,1-Mar,591.42,570.02,628.05
1,1,4,1-Apr,602.78,558.55,612.31
1,1,4,1-Apr,622.26,552.60,633.04
1,1,4,1-Apr,611.09,583.24,624.26
1,1,4,1-Apr,620.01,547.60,636.97
1,1,5,1-May,604.31,573.11,591.65
1,1,5,1-May,616.76,572.91,624.72
1,1,5,1-May,597.63,564.19,633.53
1,1,5,1-May,618.28,564.12,487.81
1,2,6,2-Jan,621.98,620.90,611.18
1,2,6,2-Jan,600.00,600.28,577.06
1,2,6,2-Jan,619.02,635.88,634.72
1,2,6,2-Jan,625.29,613.87,548.40
1,2,7,2-Feb,589.85,624.21,537.13
1,2,7,2-Feb,595.79,606.53,584.26
1,2,7,2-Feb,633.18,588.54,602.56
1,2,7,2-Feb,550.28,613.31,626.31
1,2,8,2-Mar,619.96,596.75,647.79
1,2,8,2-Mar,635.87,591.85,539.08
1,2,8,2-Mar,591.95,636.53,570.67
1,2,8,2-Mar,617.64,576.59,631.96
1,2,9,2-Apr,620.17,590.46,606.23
1,2,9,2-Apr,611.53,588.76,651.69
1,2,9,2-Apr,621.95,597.73,584.40
1,2,9,2-Apr,590.08,578.03,646.38
1,2,10,2-May,618.92,599.80,619.59
1,2,10,2-May,599.57,560.76,614.73
1,2,10,2-May,621.51,585.52,620.69
1,2,10,2-May,609.58,590.55,618.30
1,3,11,3-Jan,623.56,577.68,607.35
1,3,11,3-Jan,630.37,597.36,541.29
1,3,11,3-Jan,613.54,582.20,577.61
1,3,11,3-Jan,643.47,604.63,605.06
1,3,12,3-Feb,590.91,569.73,634.78
1,3,12,3-Feb,608.34,611.19,631.87
1,3,12,3-Feb,623.62,592.40,606.11
1,3,12,3-Feb,595.67,595.71,628.31
1,3,13,3-Mar,606.40,604.11,614.82
1,3,13,3-Mar,600.80,577.84,630.71
1,3,13,3-Mar,606.01,616.29,598.46
1,3,13,3-Mar,608.62,557.98,613.30
1,3,14,3-Apr,609.06,544.37,590.81
1,3,14,3-Apr,607.74,582.93,622.03
1,3,14,3-Apr,599.04,582.63,508.13
1,3,14,3-Apr,597.40,604.39,608.02
1,3,15,3-May,611.94,589.85,605.54
1,3,15,3-May,579.70,580.27,617.06
1,3,15,3-May,643.25,588.50,630.85
1,3,15,3-May,629.16,593.94,605.34
1,4,16,4-Jan,637.04,605.36,512.24
1,4,16,4-Jan,599.32,578.24,591.22
1,4,16,4-Jan,631.26,583.91,618.26
1,4,16,4-Jan,628.13,616.25,545.30
1,4,17,4-Feb,610.38,629.30,575.30
1,4,17,4-Feb,585.31,608.40,628.45
1,4,17,4-Feb,609.11,593.24,623.96
1,4,17,4-Feb,621.63,599.43,575.86
1,4,18,4-Mar,633.83,600.42,638.66
1,4,18,4-Mar,588.77,571.98,623.85
1,4,18,4-Mar,610.89,589.25,609.82
1,4,18,4-Mar,622.43,589.77,606.64
1,4,19,4-Apr,623.38,583.55,593.06
1,4,19,4-Apr,600.29,594.12,630.77
1,4,19,4-Apr,586.43,579.76,635.77
1,4,19,4-Apr,605.57,607.59,578.82
1,4,20,4-May,624.93,563.18,592.72
1,4,20,4-May,596.15,608.07,617.98
1,4,20,4-May,611.23,587.01,624.63
1,4,20,4-May,611.27,577.61,593.36
1,5,21,5-Jan,612.34,546.22,565.48
1,5,21,5-Jan,614.53,618.24,571.80
1,5,21,5-Jan,634.85,578.33,667.98
1,5,21,5-Jan,653.00,580.21,635.22
1,5,22,5-Feb,605.65,563.12,584.19
1,5,22,5-Feb,603.66,532.15,630.72
1,5,22,5-Feb,601.51,566.24,602.70
1,5,22,5-Feb,606.83,566.19,615.55
1,5,23,5-Mar,630.85,593.69,577.23
1,5,23,5-Mar,608.01,555.71,610.73
1,5,23,5-Mar,605.53,602.13,620.82
1,5,23,5-Mar,629.54,576.86,604.33
1,5,24,5-Apr,609.00,583.37,637.16
1,5,24,5-Apr,610.39,580.26,575.01
1,5,24,5-Apr,617.70,591.14,573.68
1,5,24,5-Apr,629.74,585.35,661.11
1,5,25,5-May,632.10,615.30,607.44
1,5,25,5-May,606.03,594.09,690.82
1,5,25,5-May,610.36,576.92,575.82
1,5,25,5-May,593.71,585.51,644.85
1,6,26,6-Jan,605.94,579.45,601.07
1,6,26,6-Jan,620.05,599.53,613.82
1,6,26,6-Jan,631.40,606.50,558.95
1,6,26,6-Jan,583.49,553.74,561.67
1,6,27,6-Feb,616.83,611.14,607.83
1,6,27,6-Feb,592.11,616.85,629.16
1,6,27,6-Feb,610.91,601.20,585.26
1,6,27,6-Feb,636.48,607.31,635.22
1,6,28,6-Mar,627.85,595.74,599.31
1,6,28,6-Mar,609.60,626.31,561.12
1,6,28,6-Mar,617.66,608.49,616.72
1,6,28,6-Mar,610.82,605.20,572.25
1,6,29,6-Apr,597.01,580.85,649.05
1,6,29,6-Apr,618.69,592.83,657.51
1,6,29,6-Apr,613.60,625.95,565.47
1,6,29,6-Apr,607.76,632.97,627.79
1,6,30,6-May,635.08,613.61,574.00
1,6,30,6-May,592.22,593.84,559.26
1,6,30,6-May,617.25,601.13,576.50
1,6,30,6-May,612.26,609.11,625.08
1,7,31,7-Jan,584.09,562.56,572.85
1,7,31,7-Jan,610.19,575.87,598.70
1,7,31,7-Jan,611.12,575.45,610.52
1,7,31,7-Jan,612.35,578.82,625.59
1,7,32,7-Feb,597.33,599.49,625.77
1,7,32,7-Feb,636.92,549.82,587.66
1,7,32,7-Feb,641.62,599.75,560.93
1,7,32,7-Feb,596.06,587.20,591.98
1,7,33,7-Mar,650.65,570.03,637.16
1,7,33,7-Mar,607.45,597.74,618.29
1,7,33,7-Mar,596.56,592.59,622.69
1,7,33,7-Mar,607.61,566.06,624.48
1,7,34,7-Apr,620.71,578.78,607.23
1,7,34,7-Apr,630.04,611.34,590.71
1,7,34,7-Apr,628.93,561.56,624.15
1,7,34,7-Apr,638.93,570.81,551.45
1,7,35,7-May,595.25,574.45,579.00
1,7,35,7-May,611.04,575.41,588.61
1,7,35,7-May,622.24,581.92,580.22
1,7,35,7-May,597.50,595.49,634.33
1,8,36,8-Jan,636.52,583.92,648.54
1,8,36,8-Jan,606.62,595.88,589.08
1,8,36,8-Jan,642.44,576.64,594.54
1,8,36,8-Jan,609.81,572.22,599.04
1,8,37,8-Feb,636.13,584.38,629.91
1,8,37,8-Feb,602.65,582.92,568.22
1,8,37,8-Feb,582.14,577.98,603.32
1,8,37,8-Feb,643.32,569.81,667.58
1,8,38,8-Mar,576.54,597.52,631.27
1,8,38,8-Mar,625.12,576.16,648.68
1,8,38,8-Mar,640.15,551.01,608.06
1,8,38,8-Mar,614.00,603.13,575.75
1,8,39,8-Apr,610.75,559.99,586.56
1,8,39,8-Apr,624.29,585.49,603.91
1,8,39,8-Apr,582.60,577.39,618.00
1,8,39,8-Apr,588.46,581.78,593.13
1,8,40,8-May,608.13,589.93,620.47
1,8,40,8-May,604.56,578.55,652.08
1,8,40,8-May,600.25,596.91,658.10
1,8,40,8-May,604.26,599.82,648.82
1,9,41,9-Jan,615.03,562.33,587.46
1,9,41,9-Jan,614.87,567.03,571.33
1,9,41,9-Jan,603.24,571.21,653.73
1,9,41,9-Jan,632.25,569.67,626.52
1,9,42,9-Feb,617.28,596.42,581.19
1,9,42,9-Feb,635.55,583.15,572.78
1,9,42,9-Feb,591.29,581.44,616.45
1,9,42,9-Feb,597.17,618.40,677.84
1,9,43,9-Mar,625.54,551.27,658.43
1,9,43,9-Mar,623.27,589.22,608.02
1,9,43,9-Mar,651.35,558.02,591.38
1,9,43,9-Mar,602.53,562.06,657.36
1,9,44,9-Apr,645.23,574.90,630.33
1,9,44,9-Apr,610.50,570.59,577.61
1,9,44,9-Apr,614.27,564.37,615.15
1,9,44,9-Apr,610.59,602.61,610.80
1,9,45,9-May,598.53,547.55,642.20
1,9,45,9-May,607.18,601.49,592.96
1,9,45,9-May,595.37,575.21,596.79
1,9,45,9-May,576.24,585.46,614.56
1,10,46,10-Jan,619.09,594.93,667.60
1,10,46,10-Jan,614.31,586.39,607.03
1,10,46,10-Jan,609.31,597.91,556.65
1,10,46,10-Jan,610.07,552.78,644.44
1,10,47,10-Feb,631.58,546.29,578.37
1,10,47,10-Feb,592.76,583.62,643.96
1,10,47,10-Feb,627.22,593.27,625.79
1,10,47,10-Feb,604.25,597.74,585.52
1,10,48,10-Mar,627.48,601.68,554.05
1,10,48,10-Mar,631.42,602.17,611.99
1,10,48,10-Mar,608.13,594.56,591.09
1,10,48,10-Mar,600.65,604.25,570.36
1,10,49,10-Apr,610.30,589.14,626.55
1,10,49,10-Apr,607.11,590.32,571.38
1,10,49,10-Apr,612.67,584.59,612.18
1,10,49,10-Apr,608.51,577.43,596.93
1,10,50,10-May,627.68,578.32,597.00
1,10,50,10-May,574.56,576.29,664.13
1,10,50,10-May,621.45,591.61,625.37
1,10,50,10-May,589.47,562.83,576.03
1,11,51,11-Jan,605.87,559.76,595.81
1,11,51,11-Jan,606.13,584.81,676.83
1,11,51,11-Jan,611.49,562.01,612.81
1,11,51,11-Jan,627.19,588.83,581.19
1,11,52,11-Feb,622.03,559.69,655.50
1,11,52,11-Feb,626.35,590.72,608.30
1,11,52,11-Feb,604.92,556.21,609.46
1,11,52,11-Feb,614.28,617.72,643.28
1,11,53,11-Mar,617.44,574.92,657.67
1,11,53,11-Mar,619.04,585.70,650.84
1,11,53,11-Mar,585.50,591.64,594.90
1,11,53,11-Mar,591.24,583.93,601.66
1,11,54,11-Apr,584.68,554.38,636.61
1,11,54,11-Apr,637.13,581.79,655.22
1,11,54,11-Apr,577.53,584.91,580.04
1,11,54,11-Apr,638.12,601.61,598.04
1,11,55,11-May,604.20,602.02,581.32
1,11,55,11-May,606.94,588.03,603.22
1,11,55,11-May,640.24,558.78,611.05
1,11,55,11-May,602.33,583.62,624.64
1,12,56,12-Jan,607.87,592.48,612.26
1,12,56,12-Jan,641.67,583.07,664.92
1,12,56,12-Jan,599.11,609.26,681.71
1,12,56,12-Jan,596.27,566.84,606.63
1,12,57,12-Feb,600.83,570.06,588.14
1,12,57,12-Feb,601.82,637.03,587.00
1,12,57,12-Feb,602.84,591.27,608.25
1,12,57,12-Feb,657.52,611.61,663.93
1,12,58,12-Mar,612.20,589.19,623.07
1,12,58,12-Mar,613.81,592.98,608.98
1,12,58,12-Mar,588.16,611.54,644.58
1,12,58,12-Mar,602.79,590.65,582.71
1,12,59,12-Apr,602.91,592.81,608.81
1,12,59,12-Apr,616.56,603.65,636.96
1,12,59,12-Apr,618.15,566.24,609.86
1,12,59,12-Apr,596.26,578.82,552.83
1,12,60,12-May,632.35,596.54,575.95
1,12,60,12-May,606.13,605.82,607.91
1,12,60,12-May,600.84,560.43,570.58
1,12,60,12-May,614.48,583.22,624.00
1,13,61,13-Jan,604.42,599.26,607.13
1,13,61,13-Jan,616.72,544.30,643.07
1,13,61,13-Jan,617.79,609.51,610.68
1,13,61,13-Jan,601.22,588.77,590.55
1,13,62,13-Feb,598.08,599.62,621.88
1,13,62,13-Feb,600.50,614.08,566.00
1,13,62,13-Feb,597.26,613.86,578.35
1,13,62,13-Feb,633.59,546.18,653.20
1,13,63,13-Mar,622.05,579.71,612.17
1,13,63,13-Mar,633.83,620.19,634.75
1,13,63,13-Mar,608.55,572.74,627.17
1,13,63,13-Mar,594.90,609.67,546.19
1,13,64,13-Apr,614.39,572.40,589.18
1,13,64,13-Apr,610.29,612.02,598.53
1,13,64,13-Apr,600.42,590.87,564.40
1,13,64,13-Apr,608.56,561.76,624.12
1,13,65,13-May,603.17,583.71,574.66
1,13,65,13-May,620.98,593.07,637.43
1,13,65,13-May,612.91,594.61,641.71
1,13,65,13-May,595.84,582.27,524.12
1,14,66,14-Jan,600.13,588.30,619.81
1,14,66,14-Jan,619.82,550.47,616.13
1,14,66,14-Jan,621.09,590.64,572.02
1,14,66,14-Jan,620.98,572.15,615.89
1,14,67,14-Feb,618.36,569.61,555.03
1,14,67,14-Feb,628.23,585.14,625.12
1,14,67,14-Feb,602.84,590.07,530.03
1,14,67,14-Feb,612.76,579.14,649.79
1,14,68,14-Mar,611.73,557.21,627.23
1,14,68,14-Mar,621.09,569.75,587.69
1,14,68,14-Mar,594.07,556.50,604.76
1,14,68,14-Mar,618.21,541.66,633.76
1,14,69,14-Apr,610.66,571.04,614.04
1,14,69,14-Apr,581.60,564.61,595.50
1,14,69,14-Apr,623.81,599.91,606.39
1,14,69,14-Apr,589.62,571.26,634.79
1,14,70,14-May,608.12,568.12,637.99
1,14,70,14-May,607.59,601.76,606.69
1,14,70,14-May,608.67,589.59,628.28
1,14,70,14-May,617.30,595.25,637.94
1,15,71,15-Jan,622.03,598.22,607.57
1,15,71,15-Jan,604.58,592.96,628.04
1,15,71,15-Jan,614.11,614.66,589.62
1,15,71,15-Jan,587.57,607.73,603.83
1,15,72,15-Feb,622.01,593.07,622.96
1,15,72,15-Feb,575.81,573.41,616.41
1,15,72,15-Feb,620.69,592.10,652.32
1,15,72,15-Feb,592.65,580.16,605.71
1,15,73,15-Mar,614.70,604.49,622.83
1,15,73,15-Mar,630.28,594.59,643.10
1,15,73,15-Mar,578.55,619.03,622.40
1,15,73,15-Mar,614.55,591.30,590.06
1,15,74,15-Apr,602.32,613.01,625.28
1,15,74,15-Apr,631.40,598.66,559.79
1,15,74,15-Apr,590.83,596.21,615.90
1,15,74,15-Apr,626.72,622.42,599.97
1,15,75,15-May,595.96,593.72,582.50
1,15,75,15-May,618.85,594.91,586.55
1,15,75,15-May,599.55,624.07,583.57
1,15,75,15-May,611.30,619.68,570.34
1,16,76,16-Jan,614.90,625.89,617.49
1,16,76,16-Jan,599.50,575.92,601.31
1,16,76,16-Jan,610.08,594.40,641.85
1,16,76,16-Jan,607.44,608.70,596.33
1,16,77,16-Feb,619.21,594.15,603.66
1,16,77,16-Feb,612.19,614.24,586.35
1,16,77,16-Feb,618.61,597.22,555.10
1,16,77,16-Feb,617.14,568.51,571.55
1,16,78,16-Mar,610.98,571.61,579.53
1,16,78,16-Mar,635.75,638.45,570.44
1,16,78,16-Mar,607.17,587.73,638.63
1,16,78,16-Mar,632.53,579.20,596.06
1,16,79,16-Apr,607.73,590.02,635.28
1,16,79,16-Apr,609.14,592.91,649.58
1,16,79,16-Apr,612.60,621.77,658.76
1,16,79,16-Apr,590.47,605.51,616.08
1,16,80,16-May,626.27,573.99,586.69
1,16,80,16-May,595.06,585.04,629.74
1,16,80,16-May,586.62,605.24,608.93
1,16,80,16-May,623.29,605.09,579.55
1,17,81,17-Jan,619.92,589.43,616.57
1,17,81,17-Jan,607.55,577.37,682.87
1,17,81,17-Jan,605.42,570.12,621.83
1,17,81,17-Jan,605.57,554.52,533.10
1,17,82,17-Feb,610.71,588.44,643.34
1,17,82,17-Feb,606.16,562.41,581.43
1,17,82,17-Feb,615.16,586.50,615.67
1,17,82,17-Feb,605.12,586.58,650.98
1,17,83,17-Mar,629.22,549.49,675.86
1,17,83,17-Mar,640.45,591.39,685.29
1,17,83,17-Mar,638.84,560.55,595.28
1,17,83,17-Mar,574.18,563.82,648.38
1,17,84,17-Apr,611.47,585.44,643.02
1,17,84,17-Apr,604.16,583.12,569.45
1,17,84,17-Apr,621.38,572.74,632.90
1,17,84,17-Apr,618.43,538.82,611.58
1,17,85,17-May,593.63,587.03,608.90
1,17,85,17-May,627.54,542.17,645.70
1,17,85,17-May,610.09,577.00,670.00
1,17,85,17-May,611.16,553.36,594.80
1,18,86,18-Jan,617.13,596.70,629.83
1,18,86,18-Jan,588.81,598.10,636.28
1,18,86,18-Jan,628.90,599.72,595.45
1,18,86,18-Jan,612.30,564.67,624.48
1,18,87,18-Feb,605.14,588.18,577.48
1,18,87,18-Feb,626.73,576.41,596.28
1,18,87,18-Feb,608.71,557.54,651.86
1,18,87,18-Feb,608.38,563.35,636.01
1,18,88,18-Mar,608.44,601.72,606.90
1,18,88,18-Mar,620.59,607.79,577.63
1,18,88,18-Mar,627.64,604.66,591.55
1,18,88,18-Mar,616.64,584.08,673.29
1,18,89,18-Apr,609.42,583.85,598.80
1,18,89,18-Apr,620.93,573.49,607.00
1,18,89,18-Apr,618.41,599.59,531.27
1,18,89,18-Apr,616.35,605.69,604.00
1,18,90,18-May,593.18,581.94,587.34
1,18,90,18-May,601.75,597.65,632.46
1,18,90,18-May,607.69,588.16,557.32
1,18,90,18-May,598.94,580.39,652.81
1,19,91,19-Jan,604.67,579.13,548.22
1,19,91,19-Jan,637.09,583.85,581.61
1,19,91,19-Jan,597.46,591.45,623.12
1,19,91,19-Jan,605.68,572.75,597.89
1,19,92,19-Feb,608.47,603.16,586.02
1,19,92,19-Feb,607.23,561.92,541.69
1,19,92,19-Feb,611.10,579.24,590.34
1,19,92,19-Feb,600.10,547.98,623.34
1,19,93,19-Mar,621.41,560.62,557.27
1,19,93,19-Mar,585.73,580.42,671.60
1,19,93,19-Mar,594.69,567.09,610.85
1,19,93,19-Mar,581.49,571.52,580.47
1,19,94,19-Apr,574.16,569.96,601.55
1,19,94,19-Apr,623.04,583.64,620.03
1,19,94,19-Apr,602.52,561.02,619.96
1,19,94,19-Apr,641.84,561.56,634.28
1,19,95,19-May,609.25,558.90,635.37
1,19,95,19-May,629.38,555.18,599.38
1,19,95,19-May,627.87,550.59,577.74
1,19,95,19-May,598.17,559.51,600.42
1,20,96,20-Jan,625.18,556.01,641.28
1,20,96,20-Jan,608.88,610.31,635.84
1,20,96,20-Jan,585.16,583.84,665.91
1,20,96,20-Jan,613.70,556.08,687.31
1,20,97,20-Feb,648.28,548.51,650.82
1,20,97,20-Feb,602.39,591.73,599.11
1,20,97,20-Feb,600.18,581.02,602.62
1,20,97,20-Feb,617.48,605.45,594.44
1,20,98,20-Mar,613.53,569.07,600.64
1,20,98,20-Mar,623.80,605.73,675.85
1,20,98,20-Mar,625.42,561.91,603.72
1,20,98,20-Mar,604.49,574.53,618.73
1,20,99,20-Apr,627.71,574.24,618.50
1,20,99,20-Apr,607.64,557.48,569.07
1,20,99,20-Apr,608.46,564.45,597.21
1,20,99,20-Apr,616.63,568.15,624.07
1,20,100,20-May,624.16,581.34,617.49
1,20,100,20-May,645.94,606.42,592.88
1,20,100,20-May,623.46,586.40,582.87
1,20,100,20-May,604.32,583.14,615.69
2,21,101,21-Jan,610.28,568.93,623.86
2,21,101,21-Jan,597.53,617.08,615.64
2,21,101,21-Jan,623.52,556.17,638.34
2,21,101,21-Jan,615.78,604.56,606.00
2,21,102,21-Feb,615.64,593.58,619.04
2,21,102,21-Feb,620.64,581.51,567.46
2,21,102,21-Feb,640.66,585.15,545.57
2,21,102,21-Feb,612.20,595.88,548.70
2,21,103,21-Mar,598.64,583.39,631.23
2,21,103,21-Mar,608.36,593.43,614.98
2,21,103,21-Mar,630.11,569.68,630.61
2,21,103,21-Mar,631.92,586.77,597.22
2,21,104,21-Apr,604.82,582.99,614.14
2,21,104,21-Apr,615.17,598.84,614.38
2,21,104,21-Apr,617.09,584.73,580.62
2,21,104,21-Apr,582.25,609.68,599.90
2,21,105,21-May,616.27,602.15,651.05
2,21,105,21-May,610.21,578.47,624.56
2,21,105,21-May,596.62,572.79,648.27
2,21,105,21-May,629.71,579.56,582.46
2,22,106,22-Jan,608.42,580.31,609.03
2,22,106,22-Jan,579.14,553.35,617.00
2,22,106,22-Jan,623.96,559.81,626.79
2,22,106,22-Jan,604.24,595.83,608.73
2,22,107,22-Feb,623.57,576.54,579.58
2,22,107,22-Feb,637.27,596.59,598.24
2,22,107,22-Feb,602.54,577.50,642.10
2,22,107,22-Feb,610.96,565.42,634.75
2,22,108,22-Mar,618.05,576.17,600.70
2,22,108,22-Mar,588.33,578.38,606.97
2,22,108,22-Mar,624.84,571.46,617.34
2,22,108,22-Mar,588.61,568.30,551.63
2,22,109,22-Apr,616.26,604.50,644.16
2,22,109,22-Apr,609.23,591.00,595.72
2,22,109,22-Apr,634.37,575.37,635.32
2,22,109,22-Apr,605.97,559.34,665.20
2,22,110,22-May,620.70,579.46,621.02
2,22,110,22-May,626.02,576.26,593.12
2,22,110,22-May,599.70,566.62,562.38
2,22,110,22-May,632.91,585.18,583.83
2,23,111,23-Jan,618.86,592.45,557.70
2,23,111,23-Jan,609.37,588.94,579.40
2,23,111,23-Jan,601.83,625.27,580.92
2,23,111,23-Jan,618.79,610.90,610.32
2,23,112,23-Feb,627.05,587.31,659.18
2,23,112,23-Feb,619.11,604.94,633.75
2,23,112,23-Feb,624.46,590.49,644.85
2,23,112,23-Feb,581.03,626.62,606.22
2,23,113,23-Mar,622.08,582.19,593.24
2,23,113,23-Mar,619.24,607.23,655.05
2,23,113,23-Mar,636.33,593.80,599.59
2,23,113,23-Mar,602.16,597.06,626.17
2,23,114,23-Apr,601.33,603.08,618.21
2,23,114,23-Apr,591.92,586.20,599.94
2,23,114,23-Apr,607.58,594.69,615.51
2,23,114,23-Apr,613.66,586.59,635.90
2,23,115,23-May,604.91,573.95,546.45
2,23,115,23-May,612.75,591.52,547.43
2,23,115,23-May,614.17,611.79,636.29
2,23,115,23-May,608.63,660.22,675.44
2,24,116,24-Jan,623.17,585.70,607.21
2,24,116,24-Jan,614.68,552.21,600.96
2,24,116,24-Jan,617.96,595.19,596.31
2,24,116,24-Jan,611.18,575.82,644.43
2,24,117,24-Feb,592.43,541.74,602.60
2,24,117,24-Feb,614.49,559.67,591.81
2,24,117,24-Feb,613.15,571.05,580.04
2,24,117,24-Feb,646.32,547.40,634.01
2,24,118,24-Mar,626.99,579.90,575.79
2,24,118,24-Mar,631.50,597.88,586.66
2,24,118,24-Mar,603.02,575.32,631.66
2,24,118,24-Mar,588.22,586.72,643.78
2,24,119,24-Apr,618.19,612.79,550.85
2,24,119,24-Apr,623.83,599.30,626.70
2,24,119,24-Apr,612.54,577.04,578.61
2,24,119,24-Apr,615.90,579.99,618.39
2,24,120,24-May,618.49,565.79,614.23
2,24,120,24-May,628.18,594.32,617.29
2,24,120,24-May,595.84,558.12,637.45
2,24,120,24-May,627.65,561.34,736.92
2,25,121,25-Jan,599.39,605.51,618.21
2,25,121,25-Jan,611.10,590.48,569.80
2,25,121,25-Jan,624.32,624.80,611.63
2,25,121,25-Jan,609.46,575.18,611.04
2,25,122,25-Feb,613.08,596.06,592.52
2,25,122,25-Feb,629.07,579.09,644.43
2,25,122,25-Feb,615.09,599.72,571.12
2,25,122,25-Feb,614.54,590.78,605.98
2,25,123,25-Mar,606.75,586.28,635.69
2,25,123,25-Mar,608.77,572.27,616.53
2,25,123,25-Mar,596.66,556.51,637.73
2,25,123,25-Mar,604.73,567.68,587.08
2,25,124,25-Apr,600.84,615.06,642.43
2,25,124,25-Apr,607.82,601.03,596.47
2,25,124,25-Apr,604.24,627.33,579.03
2,25,124,25-Apr,639.23,574.07,677.47
2,25,125,25-May,620.89,578.59,562.24
2,25,125,25-May,611.27,596.94,596.11
2,25,125,25-May,591.05,600.82,580.87
2,25,125,25-May,625.61,595.12,607.61
2,26,126,26-Jan,597.53,572.39,587.92
2,26,126,26-Jan,591.27,586.37,640.40
2,26,126,26-Jan,598.63,630.66,595.97
2,26,126,26-Jan,609.42,588.25,580.48
2,26,127,26-Feb,595.11,588.95,597.65
2,26,127,26-Feb,607.51,611.04,617.76
2,26,127,26-Feb,635.23,591.35,594.27
2,26,127,26-Feb,600.28,593.87,606.09
2,26,128,26-Mar,602.83,594.83,610.99
2,26,128,26-Mar,621.98,600.49,609.16
2,26,128,26-Mar,623.17,583.23,602.74
2,26,128,26-Mar,594.41,609.00,629.24
2,26,129,26-Apr,621.56,594.62,507.89
2,26,129,26-Apr,639.10,578.47,584.17
2,26,129,26-Apr,613.81,549.36,610.78
2,26,129,26-Apr,578.66,609.29,643.35
2,26,130,26-May,591.14,607.46,658.90
2,26,130,26-May,583.17,606.02,619.14
2,26,130,26-May,587.60,587.89,619.01
2,26,130,26-May,602.28,595.41,539.45
2,27,131,27-Jan,640.37,564.12,655.07
2,27,131,27-Jan,605.16,565.05,628.89
2,27,131,27-Jan,596.96,591.04,602.31
2,27,131,27-Jan,608.84,594.01,636.28
2,27,132,27-Feb,608.10,579.81,646.69
2,27,132,27-Feb,607.59,580.17,593.62
2,27,132,27-Feb,610.69,581.93,579.12
2,27,132,27-Feb,616.97,591.44,584.80
2,27,133,27-Mar,627.42,571.37,572.72
2,27,133,27-Mar,610.73,569.15,644.48
2,27,133,27-Mar,593.37,562.38,602.34
2,27,133,27-Mar,605.64,565.65,584.41
2,27,134,27-Apr,615.25,582.78,565.53
2,27,134,27-Apr,624.10,585.38,600.26
2,27,134,27-Apr,626.39,581.45,616.01
2,27,134,27-Apr,630.03,586.10,632.73
2,27,135,27-May,613.80,587.98,560.65
2,27,135,27-May,611.25,549.93,611.95
2,27,135,27-May,575.17,566.16,622.79
2,27,135,27-May,606.87,550.12,586.07
2,28,136,28-Jan,592.61,606.04,568.14
2,28,136,28-Jan,594.09,620.96,595.45
2,28,136,28-Jan,611.18,630.93,585.90
2,28,136,28-Jan,624.35,573.38,572.20
2,28,137,28-Feb,613.40,578.84,554.15
2,28,137,28-Feb,621.74,611.33,598.58
2,28,137,28-Feb,582.90,604.53,644.02
2,28,137,28-Feb,621.02,571.94,674.18
2,28,138,28-Mar,604.31,610.34,533.79
2,28,138,28-Mar,617.82,589.34,629.63
2,28,138,28-Mar,587.56,603.01,596.48
2,28,138,28-Mar,628.85,598.76,596.18
2,28,139,28-Apr,617.07,606.44,614.74
2,28,139,28-Apr,598.32,555.59,640.93
2,28,139,28-Apr,613.21,584.62,632.75
2,28,139,28-Apr,607.50,610.10,608.25
2,28,140,28-May,613.75,595.76,610.03
2,28,140,28-May,597.15,593.40,628.41
2,28,140,28-May,614.70,618.31,613.79
2,28,140,28-May,616.07,614.61,659.87
2,29,141,29-Jan,625.47,611.28,563.05
2,29,141,29-Jan,573.76,580.44,586.20
2,29,141,29-Jan,586.71,606.30,629.91
2,29,141,29-Jan,614.66,621.79,577.51
2,29,142,29-2,607.62,647.40,628.54
2,29,142,29-2,630.91,601.03,528.31
2,29,142,29-2,599.48,595.49,658.12
2,29,142,29-2,608.23,590.51,675.52
2,29,143,29-Mar,590.43,610.01,587.24
2,29,143,29-Mar,618.65,595.48,570.58
2,29,143,29-Mar,587.27,606.02,593.41
2,29,143,29-Mar,595.34,586.70,562.83
2,29,144,29-Apr,615.47,605.93,655.37
2,29,144,29-Apr,598.59,595.63,628.09
2,29,144,29-Apr,610.28,596.57,570.66
2,29,144,29-Apr,616.56,608.37,610.59
2,29,145,29-May,595.51,596.03,632.44
2,29,145,29-May,622.65,610.23,676.25
2,29,145,29-May,605.87,614.86,580.49
2,29,145,29-May,621.72,600.03,565.84
2,30,146,30-Jan,620.52,577.30,667.50
2,30,146,30-Jan,603.50,605.95,641.24
2,30,146,30-Jan,629.96,578.12,608.93
2,30,146,30-Jan,611.78,567.11,606.30
2,30,147,30-2,613.06,579.98,573.81
2,30,147,30-2,603.47,572.27,578.83
2,30,147,30-2,607.52,593.79,589.14
2,30,147,30-2,622.51,594.98,665.21
2,30,148,30-Mar,629.64,586.51,574.34
2,30,148,30-Mar,618.58,598.43,587.49
2,30,148,30-Mar,627.89,602.74,628.58
2,30,148,30-Mar,589.93,566.16,653.21
2,30,149,30-Apr,617.01,579.12,671.77
2,30,149,30-Apr,602.07,581.93,635.42
2,30,149,30-Apr,596.00,626.03,657.39
2,30,149,30-Apr,609.71,599.40,602.59
2,30,150,30-May,573.68,582.96,606.39
2,30,150,30-May,629.49,605.77,580.15
2,30,150,30-May,622.69,581.14,573.62
2,30,150,30-May,602.40,568.98,558.04
2,31,151,31-Jan,615.92,582.00,582.04
2,31,151,31-Jan,630.97,575.38,549.96
2,31,151,31-Jan,628.30,568.47,638.79
2,31,151,31-Jan,599.11,614.01,599.70
2,31,152,31-2,607.61,577.09,641.22
2,31,152,31-2,627.94,574.88,639.08
2,31,152,31-2,598.55,600.53,598.52
2,31,152,31-2,590.10,566.06,618.03
2,31,153,31-Mar,632.13,565.58,628.59
2,31,153,31-Mar,630.85,571.62,670.23
2,31,153,31-Mar,610.47,584.90,591.53
2,31,153,31-Mar,631.06,553.82,614.39
2,31,154,31-4,600.65,600.56,585.07
2,31,154,31-4,587.40,589.48,585.11
2,31,154,31-4,597.74,582.84,623.24
2,31,154,31-4,631.02,579.33,571.24
2,31,155,31-May,619.96,580.39,592.41
2,31,155,31-May,589.03,589.05,524.29
2,31,155,31-May,608.91,602.33,663.33
2,31,155,31-May,671.12,588.42,587.40
2,32,156,32-1,613.30,598.50,592.45
2,32,156,32-1,619.04,553.79,599.59
2,32,156,32-1,617.09,584.28,670.93
2,32,156,32-1,598.44,572.39,595.31
2,32,157,32-2,620.90,594.99,644.99
2,32,157,32-2,611.23,589.03,608.13
2,32,157,32-2,588.92,568.47,586.35
2,32,157,32-2,594.54,611.16,565.11
2,32,158,32-3,595.65,554.90,607.97
2,32,158,32-3,621.00,575.01,616.29
2,32,158,32-3,613.73,635.33,591.33
2,32,158,32-3,626.92,559.50,567.69
2,32,159,32-4,630.85,538.11,625.83
2,32,159,32-4,624.52,595.14,624.23
2,32,159,32-4,645.59,605.41,573.31
2,32,159,32-4,602.93,581.99,551.33
2,32,160,32-5,616.94,560.69,622.11
2,32,160,32-5,597.54,580.50,586.33
2,32,160,32-5,630.00,579.23,587.17
2,32,160,32-5,595.73,588.42,620.61
2,33,161,33-1,601.96,577.97,635.41
2,33,161,33-1,610.45,555.46,599.15
2,33,161,33-1,610.91,559.37,616.87
2,33,161,33-1,607.41,555.49,530.54
2,33,162,33-2,602.81,571.32,560.99
2,33,162,33-2,616.49,594.13,615.64
2,33,162,33-2,622.76,564.01,594.22
2,33,162,33-2,653.70,585.45,637.36
2,33,163,33-3,612.19,622.09,611.25
2,33,163,33-3,601.15,602.50,666.92
2,33,163,33-3,625.20,552.24,559.99
2,33,163,33-3,626.93,581.26,696.47
2,33,164,33-4,594.62,592.61,577.37
2,33,164,33-4,603.95,586.03,592.24
2,33,164,33-4,601.49,597.30,649.58
2,33,164,33-4,627.00,600.85,611.25
2,33,165,33-5,593.20,614.20,575.81
2,33,165,33-5,619.62,559.19,630.89
2,33,165,33-5,619.74,569.05,643.59
2,33,165,33-5,611.03,565.35,582.22
2,34,166,34-1,607.66,577.07,666.91
2,34,166,34-1,617.76,577.92,622.76
2,34,166,34-1,615.96,615.19,591.15
2,34,166,34-1,618.14,605.95,534.28
2,34,167,34-2,619.62,595.64,646.33
2,34,167,34-2,611.62,567.23,510.82
2,34,167,34-2,648.87,589.95,629.29
2,34,167,34-2,601.61,573.11,623.04
2,34,168,34-3,610.78,608.58,640.72
2,34,168,34-3,626.21,580.20,622.77
2,34,168,34-3,626.76,622.08,603.22
2,34,168,34-3,622.53,598.53,609.70
2,34,169,34-4,649.31,606.01,555.20
2,34,169,34-4,608.97,592.79,586.32
2,34,169,34-4,573.65,605.03,637.87
2,34,169,34-4,624.01,592.95,606.73
2,34,170,34-5,631.67,593.86,600.13
2,34,170,34-5,586.71,616.12,645.41
2,34,170,34-5,621.75,627.70,589.48
2,34,170,34-5,612.94,593.07,624.59
2,35,171,35-1,608.21,603.22,653.28
2,35,171,35-1,605.41,603.32,602.52
2,35,171,35-1,624.56,580.41,585.46
2,35,171,35-1,592.50,577.64,615.19
2,35,172,35-2,608.29,604.99,659.81
2,35,172,35-2,610.50,579.71,623.61
2,35,172,35-2,611.01,633.17,562.14
2,35,172,35-2,602.08,590.01,585.37
2,35,173,35-3,610.89,602.55,573.37
2,35,173,35-3,602.83,573.10,539.80
2,35,173,35-3,597.15,570.20,621.94
2,35,173,35-3,642.57,607.47,510.80
2,35,174,35-4,604.94,628.37,610.00
2,35,174,35-4,580.40,570.32,549.91
2,35,174,35-4,626.96,601.88,628.84
2,35,174,35-4,618.01,599.41,570.50
2,35,175,35-5,596.05,620.90,657.25
2,35,175,35-5,588.69,627.26,594.38
2,35,175,35-5,584.36,573.77,605.86
2,35,175,35-5,624.83,589.94,640.53
2,36,176,36-1,625.87,579.25,602.50
2,36,176,36-1,609.29,572.91,608.50
2,36,176,36-1,621.63,553.34,600.34
2,36,176,36-1,599.35,523.98,603.55
2,36,177,36-2,611.11,577.96,640.91
2,36,177,36-2,612.69,529.38,603.87
2,36,177,36-2,606.91,641.72,627.63
2,36,177,36-2,618.99,582.37,606.28
2,36,178,36-3,579.78,586.03,563.87
2,36,178,36-3,608.97,595.50,634.72
2,36,178,36-3,588.72,614.54,624.28
2,36,178,36-3,587.53,607.88,592.30
2,36,179,36-4,618.65,574.19,596.63
2,36,179,36-4,615.72,612.70,609.15
2,36,179,36-4,636.05,598.73,661.02
2,36,179,36-4,611.17,586.26,631.57
2,36,180,36-5,610.57,561.95,641.65
2,36,180,36-5,590.48,565.75,568.65
2,36,180,36-5,635.19,588.24,623.41
2,36,180,36-5,622.82,587.63,662.93
2,37,181,37-1,618.92,585.81,609.00
2,37,181,37-1,626.19,573.10,588.22
2,37,181,37-1,636.54,608.26,651.67
2,37,181,37-1,636.03,552.63,625.29
2,37,182,37-2,624.23,607.98,643.35
2,37,182,37-2,632.75,583.50,547.18
2,37,182,37-2,612.41,577.96,577.00
2,37,182,37-2,618.76,580.90,584.98
2,37,183,37-3,628.96,583.64,619.89
2,37,183,37-3,620.25,596.81,562.55
2,37,183,37-3,609.69,569.65,609.19
2,37,183,37-3,601.90,565.91,634.91
2,37,184,37-4,611.03,603.61,669.48
2,37,184,37-4,630.28,568.31,690.55
2,37,184,37-4,580.57,594.81,637.94
2,37,184,37-4,627.33,572.28,658.13
2,37,185,37-5,593.26,573.58,599.34
2,37,185,37-5,616.35,593.11,605.35
2,37,185,37-5,601.83,565.23,585.73
2,37,185,37-5,621.89,585.39,587.85
2,38,186,38-1,616.12,592.50,610.51
2,38,186,38-1,611.40,613.15,631.20
2,38,186,38-1,603.82,613.02,629.57
2,38,186,38-1,606.69,585.92,666.33
2,38,187,38-2,626.46,606.48,622.84
2,38,187,38-2,613.38,629.51,636.48
2,38,187,38-2,603.72,619.91,603.21
2,38,187,38-2,599.27,620.58,629.79
2,38,188,38-3,614.85,621.97,623.77
2,38,188,38-3,611.80,576.54,667.21
2,38,188,38-3,607.56,651.14,622.05
2,38,188,38-3,625.11,604.37,623.44
2,38,189,38-4,608.18,557.93,635.60
2,38,189,38-4,597.87,603.53,680.80
2,38,189,38-4,614.53,592.55,628.59
2,38,189,38-4,612.36,577.44,656.43
2,38,190,38-5,575.25,576.56,652.41
2,38,190,38-5,631.62,612.41,676.91
2,38,190,38-5,594.68,583.26,680.43
2,38,190,38-5,639.28,592.07,655.69
2,39,191,39-1,617.62,594.88,603.38
2,39,191,39-1,600.22,608.48,623.87
2,39,191,39-1,624.22,588.35,626.14
2,39,191,39-1,612.44,640.09,616.19
2,39,192,39-2,616.21,614.23,567.39
2,39,192,39-2,626.89,590.82,657.79
2,39,192,39-2,604.98,618.11,593.47
2,39,192,39-2,622.50,618.52,576.85
2,39,193,39-3,596.25,566.94,664.79
2,39,193,39-3,600.46,611.02,645.93
2,39,193,39-3,617.83,624.81,566.80
2,39,193,39-3,636.39,605.18,585.25
2,39,194,39-4,599.31,599.26,546.86
2,39,194,39-4,614.84,583.80,563.39
2,39,194,39-4,607.52,612.95,587.85
2,39,194,39-4,605.24,583.96,619.93
2,39,195,39-5,607.57,606.09,655.49
2,39,195,39-5,609.56,599.09,669.63
2,39,195,39-5,613.63,590.59,580.25
2,39,195,39-5,600.01,591.11,617.40
2,40,196,40-1,627.22,591.35,635.04
2,40,196,40-1,627.48,557.32,644.39
2,40,196,40-1,635.52,620.24,582.86
2,40,196,40-1,599.49,569.94,575.14
2,40,197,40-2,603.80,579.06,670.69
2,40,197,40-2,610.99,562.31,694.75
2,40,197,40-2,583.05,605.71,576.40
2,40,197,40-2,630.15,631.25,606.60
2,40,198,40-3,596.52,582.55,555.97
2,40,198,40-3,619.30,555.86,658.23
2,40,198,40-3,580.38,573.89,597.32
2,40,198,40-3,631.79,590.47,619.75
2,40,199,40-4,631.83,589.44,587.98
2,40,199,40-4,612.41,605.62,570.68
2,40,199,40-4,629.81,610.45,614.67
2,40,199,40-4,605.42,601.80,564.78
2,40,200,40-5,588.02,570.51,623.45
2,40,200,40-5,603.97,568.73,607.02
2,40,200,40-5,592.47,597.61,613.28
2,40,200,40-5,639.47,580.79,595.51
